<?xml version="1.0" encoding="UTF-8"?>
<XML>
  <!--Data from the SSDC Cosmic Ray Database www.ssdc.asi.it-->
  <!--Before using these data please consult the original publication-->
  <HEADER>
    <PARTICLE>e+</PARTICLE>
    <MISSION>AMS-02</MISSION>
    <UNITS>
      <flux>(m^2 s sr GeV)^(-1)</flux>
      <kinetic_energy>GeV</kinetic_energy>
      <time>UTC</time>
    </UNITS>
    <DOI>10.1103/PhysRevLett.122.041102</DOI>
    <JOURNAL>PRL</JOURNAL>
    <YEAR>2019</YEAR>
    <VOLUME>122</VOLUME>
    <PAGE>041102</PAGE>
    <TITLE>Towards Understanding the Origin of Cosmic-Ray Positrons</TITLE>
    <AUTHORS>M. Aguilar et al</AUTHORS>
    <!--Columns (variables) listed inside ORIGINAL_COLUMNS are reported in this file as in the original publication. Please always consult the original publication.-->
    <ORIGINAL_COLUMNS>time_min,time_max,kinetic_energy_min,kinetic_energy_max,kinetic_energy,flux,flux_statistical_error_low,flux_systematical_error_low,flux_statistical_error_high,flux_systematical_error_high</ORIGINAL_COLUMNS>
    <ADS_LINK>null</ADS_LINK>
  </HEADER>
  <DATA>
    <time_min>2011-05-19T00:00:00</time_min>
    <time_max>2017-11-12T00:00:00</time_max>
    <kinetic_energy>0.57</kinetic_energy>
    <kinetic_energy_min>0.5</kinetic_energy_min>
    <kinetic_energy_max>0.65</kinetic_energy_max>
    <flux>2.669</flux>
    <flux_statistical_error_low>0.109</flux_statistical_error_low>
    <flux_statistical_error_high>0.109</flux_statistical_error_high>
    <flux_systematical_error_low>0.141</flux_systematical_error_low>
    <flux_systematical_error_high>0.141</flux_systematical_error_high>
  </DATA>
  <DATA>
    <time_min>2011-05-19T00:00:00</time_min>
    <time_max>2017-11-12T00:00:00</time_max>
    <kinetic_energy>0.73</kinetic_energy>
    <kinetic_energy_min>0.65</kinetic_energy_min>
    <kinetic_energy_max>0.82</kinetic_energy_max>
    <flux>2.576</flux>
    <flux_statistical_error_low>0.029</flux_statistical_error_low>
    <flux_statistical_error_high>0.029</flux_statistical_error_high>
    <flux_systematical_error_low>0.105</flux_systematical_error_low>
    <flux_systematical_error_high>0.105</flux_systematical_error_high>
  </DATA>
  <DATA>
    <time_min>2011-05-19T00:00:00</time_min>
    <time_max>2017-11-12T00:00:00</time_max>
    <kinetic_energy>0.91</kinetic_energy>
    <kinetic_energy_min>0.82</kinetic_energy_min>
    <kinetic_energy_max>1.01</kinetic_energy_max>
    <flux>2.272</flux>
    <flux_statistical_error_low>0.016</flux_statistical_error_low>
    <flux_statistical_error_high>0.016</flux_statistical_error_high>
    <flux_systematical_error_low>0.071</flux_systematical_error_low>
    <flux_systematical_error_high>0.071</flux_systematical_error_high>
  </DATA>
  <DATA>
    <time_min>2011-05-19T00:00:00</time_min>
    <time_max>2017-11-12T00:00:00</time_max>
    <kinetic_energy>1.11</kinetic_energy>
    <kinetic_energy_min>1.01</kinetic_energy_min>
    <kinetic_energy_max>1.22</kinetic_energy_max>
    <flux>1.929</flux>
    <flux_statistical_error_low>0.011</flux_statistical_error_low>
    <flux_statistical_error_high>0.011</flux_statistical_error_high>
    <flux_systematical_error_low>0.049</flux_systematical_error_low>
    <flux_systematical_error_high>0.049</flux_systematical_error_high>
  </DATA>
  <DATA>
    <time_min>2011-05-19T00:00:00</time_min>
    <time_max>2017-11-12T00:00:00</time_max>
    <kinetic_energy>1.33</kinetic_energy>
    <kinetic_energy_min>1.22</kinetic_energy_min>
    <kinetic_energy_max>1.46</kinetic_energy_max>
    <flux>1.528</flux>
    <flux_statistical_error_low>0.0070</flux_statistical_error_low>
    <flux_statistical_error_high>0.0070</flux_statistical_error_high>
    <flux_systematical_error_low>0.032</flux_systematical_error_low>
    <flux_systematical_error_high>0.032</flux_systematical_error_high>
  </DATA>
  <DATA>
    <time_min>2011-05-19T00:00:00</time_min>
    <time_max>2017-11-12T00:00:00</time_max>
    <kinetic_energy>1.58</kinetic_energy>
    <kinetic_energy_min>1.46</kinetic_energy_min>
    <kinetic_energy_max>1.72</kinetic_energy_max>
    <flux>1.196</flux>
    <flux_statistical_error_low>0.0050</flux_statistical_error_low>
    <flux_statistical_error_high>0.0050</flux_statistical_error_high>
    <flux_systematical_error_low>0.021</flux_systematical_error_low>
    <flux_systematical_error_high>0.021</flux_systematical_error_high>
  </DATA>
  <DATA>
    <time_min>2011-05-19T00:00:00</time_min>
    <time_max>2017-11-12T00:00:00</time_max>
    <kinetic_energy>1.85</kinetic_energy>
    <kinetic_energy_min>1.72</kinetic_energy_min>
    <kinetic_energy_max>2.0</kinetic_energy_max>
    <flux>0.9239</flux>
    <flux_statistical_error_low>0.0032</flux_statistical_error_low>
    <flux_statistical_error_high>0.0032</flux_statistical_error_high>
    <flux_systematical_error_low>0.0139</flux_systematical_error_low>
    <flux_systematical_error_high>0.0139</flux_systematical_error_high>
  </DATA>
  <DATA>
    <time_min>2011-05-19T00:00:00</time_min>
    <time_max>2017-11-12T00:00:00</time_max>
    <kinetic_energy>2.15</kinetic_energy>
    <kinetic_energy_min>2.0</kinetic_energy_min>
    <kinetic_energy_max>2.31</kinetic_energy_max>
    <flux>0.7003</flux>
    <flux_statistical_error_low>0.0022</flux_statistical_error_low>
    <flux_statistical_error_high>0.0022</flux_statistical_error_high>
    <flux_systematical_error_low>0.0095</flux_systematical_error_low>
    <flux_systematical_error_high>0.0095</flux_systematical_error_high>
  </DATA>
  <DATA>
    <time_min>2011-05-19T00:00:00</time_min>
    <time_max>2017-11-12T00:00:00</time_max>
    <kinetic_energy>2.47</kinetic_energy>
    <kinetic_energy_min>2.31</kinetic_energy_min>
    <kinetic_energy_max>2.65</kinetic_energy_max>
    <flux>0.5341</flux>
    <flux_statistical_error_low>0.0016</flux_statistical_error_low>
    <flux_statistical_error_high>0.0016</flux_statistical_error_high>
    <flux_systematical_error_low>0.0068</flux_systematical_error_low>
    <flux_systematical_error_high>0.0068</flux_systematical_error_high>
  </DATA>
  <DATA>
    <time_min>2011-05-19T00:00:00</time_min>
    <time_max>2017-11-12T00:00:00</time_max>
    <kinetic_energy>2.82</kinetic_energy>
    <kinetic_energy_min>2.65</kinetic_energy_min>
    <kinetic_energy_max>3.0</kinetic_energy_max>
    <flux>0.3983</flux>
    <flux_statistical_error_low>0.0013</flux_statistical_error_low>
    <flux_statistical_error_high>0.0013</flux_statistical_error_high>
    <flux_systematical_error_low>0.0049</flux_systematical_error_low>
    <flux_systematical_error_high>0.0049</flux_systematical_error_high>
  </DATA>
  <DATA>
    <time_min>2011-05-19T00:00:00</time_min>
    <time_max>2017-11-12T00:00:00</time_max>
    <kinetic_energy>3.17</kinetic_energy>
    <kinetic_energy_min>3.0</kinetic_energy_min>
    <kinetic_energy_max>3.36</kinetic_energy_max>
    <flux>0.3024</flux>
    <flux_statistical_error_low>0.0010</flux_statistical_error_low>
    <flux_statistical_error_high>0.0010</flux_statistical_error_high>
    <flux_systematical_error_low>0.0036</flux_systematical_error_low>
    <flux_systematical_error_high>0.0036</flux_systematical_error_high>
  </DATA>
  <DATA>
    <time_min>2011-05-19T00:00:00</time_min>
    <time_max>2017-11-12T00:00:00</time_max>
    <kinetic_energy>3.54</kinetic_energy>
    <kinetic_energy_min>3.36</kinetic_energy_min>
    <kinetic_energy_max>3.73</kinetic_energy_max>
    <flux>0.2338</flux>
    <flux_statistical_error_low>8.0E-4</flux_statistical_error_low>
    <flux_statistical_error_high>8.0E-4</flux_statistical_error_high>
    <flux_systematical_error_low>0.0028</flux_systematical_error_low>
    <flux_systematical_error_high>0.0028</flux_systematical_error_high>
  </DATA>
  <DATA>
    <time_min>2011-05-19T00:00:00</time_min>
    <time_max>2017-11-12T00:00:00</time_max>
    <kinetic_energy>3.92</kinetic_energy>
    <kinetic_energy_min>3.73</kinetic_energy_min>
    <kinetic_energy_max>4.12</kinetic_energy_max>
    <flux>0.1809</flux>
    <flux_statistical_error_low>6.0E-4</flux_statistical_error_low>
    <flux_statistical_error_high>6.0E-4</flux_statistical_error_high>
    <flux_systematical_error_low>0.0021</flux_systematical_error_low>
    <flux_systematical_error_high>0.0021</flux_systematical_error_high>
  </DATA>
  <DATA>
    <time_min>2011-05-19T00:00:00</time_min>
    <time_max>2017-11-12T00:00:00</time_max>
    <kinetic_energy>4.32</kinetic_energy>
    <kinetic_energy_min>4.12</kinetic_energy_min>
    <kinetic_energy_max>4.54</kinetic_energy_max>
    <flux>0.1389</flux>
    <flux_statistical_error_low>5.0E-4</flux_statistical_error_low>
    <flux_statistical_error_high>5.0E-4</flux_statistical_error_high>
    <flux_systematical_error_low>0.0016</flux_systematical_error_low>
    <flux_systematical_error_high>0.0016</flux_systematical_error_high>
  </DATA>
  <DATA>
    <time_min>2011-05-19T00:00:00</time_min>
    <time_max>2017-11-12T00:00:00</time_max>
    <kinetic_energy>4.76</kinetic_energy>
    <kinetic_energy_min>4.54</kinetic_energy_min>
    <kinetic_energy_max>5.0</kinetic_energy_max>
    <flux>0.1069</flux>
    <flux_statistical_error_low>4.0E-4</flux_statistical_error_low>
    <flux_statistical_error_high>4.0E-4</flux_statistical_error_high>
    <flux_systematical_error_low>0.0013</flux_systematical_error_low>
    <flux_systematical_error_high>0.0013</flux_systematical_error_high>
  </DATA>
  <DATA>
    <time_min>2011-05-19T00:00:00</time_min>
    <time_max>2017-11-12T00:00:00</time_max>
    <kinetic_energy>5.24</kinetic_energy>
    <kinetic_energy_min>5.0</kinetic_energy_min>
    <kinetic_energy_max>5.49</kinetic_energy_max>
    <flux>0.08208</flux>
    <flux_statistical_error_low>3.1E-4</flux_statistical_error_low>
    <flux_statistical_error_high>3.1E-4</flux_statistical_error_high>
    <flux_systematical_error_low>9.9E-4</flux_systematical_error_low>
    <flux_systematical_error_high>9.9E-4</flux_systematical_error_high>
  </DATA>
  <DATA>
    <time_min>2011-05-19T00:00:00</time_min>
    <time_max>2017-11-12T00:00:00</time_max>
    <kinetic_energy>5.74</kinetic_energy>
    <kinetic_energy_min>5.49</kinetic_energy_min>
    <kinetic_energy_max>6.0</kinetic_energy_max>
    <flux>0.06278</flux>
    <flux_statistical_error_low>2.5E-4</flux_statistical_error_low>
    <flux_statistical_error_high>2.5E-4</flux_statistical_error_high>
    <flux_systematical_error_low>7.6E-4</flux_systematical_error_low>
    <flux_systematical_error_high>7.6E-4</flux_systematical_error_high>
  </DATA>
  <DATA>
    <time_min>2011-05-19T00:00:00</time_min>
    <time_max>2017-11-12T00:00:00</time_max>
    <kinetic_energy>6.26</kinetic_energy>
    <kinetic_energy_min>6.0</kinetic_energy_min>
    <kinetic_energy_max>6.54</kinetic_energy_max>
    <flux>0.04923</flux>
    <flux_statistical_error_low>2.0E-4</flux_statistical_error_low>
    <flux_statistical_error_high>2.0E-4</flux_statistical_error_high>
    <flux_systematical_error_low>6.0E-4</flux_systematical_error_low>
    <flux_systematical_error_high>6.0E-4</flux_systematical_error_high>
  </DATA>
  <DATA>
    <time_min>2011-05-19T00:00:00</time_min>
    <time_max>2017-11-12T00:00:00</time_max>
    <kinetic_energy>6.81</kinetic_energy>
    <kinetic_energy_min>6.54</kinetic_energy_min>
    <kinetic_energy_max>7.1</kinetic_energy_max>
    <flux>0.0389</flux>
    <flux_statistical_error_low>1.7E-4</flux_statistical_error_low>
    <flux_statistical_error_high>1.7E-4</flux_statistical_error_high>
    <flux_systematical_error_low>4.8E-4</flux_systematical_error_low>
    <flux_systematical_error_high>4.8E-4</flux_systematical_error_high>
  </DATA>
  <DATA>
    <time_min>2011-05-19T00:00:00</time_min>
    <time_max>2017-11-12T00:00:00</time_max>
    <kinetic_energy>7.39</kinetic_energy>
    <kinetic_energy_min>7.1</kinetic_energy_min>
    <kinetic_energy_max>7.69</kinetic_energy_max>
    <flux>0.03018</flux>
    <flux_statistical_error_low>1.4E-4</flux_statistical_error_low>
    <flux_statistical_error_high>1.4E-4</flux_statistical_error_high>
    <flux_systematical_error_low>3.7E-4</flux_systematical_error_low>
    <flux_systematical_error_high>3.7E-4</flux_systematical_error_high>
  </DATA>
  <DATA>
    <time_min>2011-05-19T00:00:00</time_min>
    <time_max>2017-11-12T00:00:00</time_max>
    <kinetic_energy>7.99</kinetic_energy>
    <kinetic_energy_min>7.69</kinetic_energy_min>
    <kinetic_energy_max>8.3</kinetic_energy_max>
    <flux>0.02406</flux>
    <flux_statistical_error_low>1.2E-4</flux_statistical_error_low>
    <flux_statistical_error_high>1.2E-4</flux_statistical_error_high>
    <flux_systematical_error_low>3.0E-4</flux_systematical_error_low>
    <flux_systematical_error_high>3.0E-4</flux_systematical_error_high>
  </DATA>
  <DATA>
    <time_min>2011-05-19T00:00:00</time_min>
    <time_max>2017-11-12T00:00:00</time_max>
    <kinetic_energy>8.62</kinetic_energy>
    <kinetic_energy_min>8.3</kinetic_energy_min>
    <kinetic_energy_max>8.95</kinetic_energy_max>
    <flux>0.019</flux>
    <flux_statistical_error_low>1.0E-4</flux_statistical_error_low>
    <flux_statistical_error_high>1.0E-4</flux_statistical_error_high>
    <flux_systematical_error_low>2.4E-4</flux_systematical_error_low>
    <flux_systematical_error_high>2.4E-4</flux_systematical_error_high>
  </DATA>
  <DATA>
    <time_min>2011-05-19T00:00:00</time_min>
    <time_max>2017-11-12T00:00:00</time_max>
    <kinetic_energy>9.28</kinetic_energy>
    <kinetic_energy_min>8.95</kinetic_energy_min>
    <kinetic_energy_max>9.62</kinetic_energy_max>
    <flux>0.0153</flux>
    <flux_statistical_error_low>8.0E-5</flux_statistical_error_low>
    <flux_statistical_error_high>8.0E-5</flux_statistical_error_high>
    <flux_systematical_error_low>1.9E-4</flux_systematical_error_low>
    <flux_systematical_error_high>1.9E-4</flux_systematical_error_high>
  </DATA>
  <DATA>
    <time_min>2011-05-19T00:00:00</time_min>
    <time_max>2017-11-12T00:00:00</time_max>
    <kinetic_energy>9.96</kinetic_energy>
    <kinetic_energy_min>9.62</kinetic_energy_min>
    <kinetic_energy_max>10.32</kinetic_energy_max>
    <flux>0.01242</flux>
    <flux_statistical_error_low>7.0E-5</flux_statistical_error_low>
    <flux_statistical_error_high>7.0E-5</flux_statistical_error_high>
    <flux_systematical_error_low>1.6E-4</flux_systematical_error_low>
    <flux_systematical_error_high>1.6E-4</flux_systematical_error_high>
  </DATA>
  <DATA>
    <time_min>2011-05-19T00:00:00</time_min>
    <time_max>2017-11-12T00:00:00</time_max>
    <kinetic_energy>10.67</kinetic_energy>
    <kinetic_energy_min>10.32</kinetic_energy_min>
    <kinetic_energy_max>11.04</kinetic_energy_max>
    <flux>0.01007</flux>
    <flux_statistical_error_low>6.0E-5</flux_statistical_error_low>
    <flux_statistical_error_high>6.0E-5</flux_statistical_error_high>
    <flux_systematical_error_low>1.3E-4</flux_systematical_error_low>
    <flux_systematical_error_high>1.3E-4</flux_systematical_error_high>
  </DATA>
  <DATA>
    <time_min>2011-05-19T00:00:00</time_min>
    <time_max>2017-11-12T00:00:00</time_max>
    <kinetic_energy>11.41</kinetic_energy>
    <kinetic_energy_min>11.04</kinetic_energy_min>
    <kinetic_energy_max>11.8</kinetic_energy_max>
    <flux>0.008302</flux>
    <flux_statistical_error_low>5.5E-5</flux_statistical_error_low>
    <flux_statistical_error_high>5.5E-5</flux_statistical_error_high>
    <flux_systematical_error_low>1.08E-4</flux_systematical_error_low>
    <flux_systematical_error_high>1.08E-4</flux_systematical_error_high>
  </DATA>
  <DATA>
    <time_min>2011-05-19T00:00:00</time_min>
    <time_max>2017-11-12T00:00:00</time_max>
    <kinetic_energy>12.19</kinetic_energy>
    <kinetic_energy_min>11.8</kinetic_energy_min>
    <kinetic_energy_max>12.59</kinetic_energy_max>
    <flux>0.006918</flux>
    <flux_statistical_error_low>4.8E-5</flux_statistical_error_low>
    <flux_statistical_error_high>4.8E-5</flux_statistical_error_high>
    <flux_systematical_error_low>9.0E-5</flux_systematical_error_low>
    <flux_systematical_error_high>9.0E-5</flux_systematical_error_high>
  </DATA>
  <DATA>
    <time_min>2011-05-19T00:00:00</time_min>
    <time_max>2017-11-12T00:00:00</time_max>
    <kinetic_energy>12.99</kinetic_energy>
    <kinetic_energy_min>12.59</kinetic_energy_min>
    <kinetic_energy_max>13.41</kinetic_energy_max>
    <flux>0.005668</flux>
    <flux_statistical_error_low>4.2E-5</flux_statistical_error_low>
    <flux_statistical_error_high>4.2E-5</flux_statistical_error_high>
    <flux_systematical_error_low>7.5E-5</flux_systematical_error_low>
    <flux_systematical_error_high>7.5E-5</flux_systematical_error_high>
  </DATA>
  <DATA>
    <time_min>2011-05-19T00:00:00</time_min>
    <time_max>2017-11-12T00:00:00</time_max>
    <kinetic_energy>13.82</kinetic_energy>
    <kinetic_energy_min>13.41</kinetic_energy_min>
    <kinetic_energy_max>14.25</kinetic_energy_max>
    <flux>0.004643</flux>
    <flux_statistical_error_low>3.7E-5</flux_statistical_error_low>
    <flux_statistical_error_high>3.7E-5</flux_statistical_error_high>
    <flux_systematical_error_low>6.1E-5</flux_systematical_error_low>
    <flux_systematical_error_high>6.1E-5</flux_systematical_error_high>
  </DATA>
  <DATA>
    <time_min>2011-05-19T00:00:00</time_min>
    <time_max>2017-11-12T00:00:00</time_max>
    <kinetic_energy>14.69</kinetic_energy>
    <kinetic_energy_min>14.25</kinetic_energy_min>
    <kinetic_energy_max>15.14</kinetic_energy_max>
    <flux>0.003864</flux>
    <flux_statistical_error_low>3.2E-5</flux_statistical_error_low>
    <flux_statistical_error_high>3.2E-5</flux_statistical_error_high>
    <flux_systematical_error_low>5.1E-5</flux_systematical_error_low>
    <flux_systematical_error_high>5.1E-5</flux_systematical_error_high>
  </DATA>
  <DATA>
    <time_min>2011-05-19T00:00:00</time_min>
    <time_max>2017-11-12T00:00:00</time_max>
    <kinetic_energy>15.59</kinetic_energy>
    <kinetic_energy_min>15.14</kinetic_energy_min>
    <kinetic_energy_max>16.05</kinetic_energy_max>
    <flux>0.003262</flux>
    <flux_statistical_error_low>2.8E-5</flux_statistical_error_low>
    <flux_statistical_error_high>2.8E-5</flux_statistical_error_high>
    <flux_systematical_error_low>4.4E-5</flux_systematical_error_low>
    <flux_systematical_error_high>4.4E-5</flux_systematical_error_high>
  </DATA>
  <DATA>
    <time_min>2011-05-19T00:00:00</time_min>
    <time_max>2017-11-12T00:00:00</time_max>
    <kinetic_energy>16.52</kinetic_energy>
    <kinetic_energy_min>16.05</kinetic_energy_min>
    <kinetic_energy_max>17.0</kinetic_energy_max>
    <flux>0.002718</flux>
    <flux_statistical_error_low>2.5E-5</flux_statistical_error_low>
    <flux_statistical_error_high>2.5E-5</flux_statistical_error_high>
    <flux_systematical_error_low>3.7E-5</flux_systematical_error_low>
    <flux_systematical_error_high>3.7E-5</flux_systematical_error_high>
  </DATA>
  <DATA>
    <time_min>2011-05-19T00:00:00</time_min>
    <time_max>2017-11-12T00:00:00</time_max>
    <kinetic_energy>17.48</kinetic_energy>
    <kinetic_energy_min>17.0</kinetic_energy_min>
    <kinetic_energy_max>17.98</kinetic_energy_max>
    <flux>0.002293</flux>
    <flux_statistical_error_low>2.2E-5</flux_statistical_error_low>
    <flux_statistical_error_high>2.2E-5</flux_statistical_error_high>
    <flux_systematical_error_low>3.1E-5</flux_systematical_error_low>
    <flux_systematical_error_high>3.1E-5</flux_systematical_error_high>
  </DATA>
  <DATA>
    <time_min>2011-05-19T00:00:00</time_min>
    <time_max>2017-11-12T00:00:00</time_max>
    <kinetic_energy>18.48</kinetic_energy>
    <kinetic_energy_min>17.98</kinetic_energy_min>
    <kinetic_energy_max>18.99</kinetic_energy_max>
    <flux>0.001933</flux>
    <flux_statistical_error_low>1.9E-5</flux_statistical_error_low>
    <flux_statistical_error_high>1.9E-5</flux_statistical_error_high>
    <flux_systematical_error_low>2.6E-5</flux_systematical_error_low>
    <flux_systematical_error_high>2.6E-5</flux_systematical_error_high>
  </DATA>
  <DATA>
    <time_min>2011-05-19T00:00:00</time_min>
    <time_max>2017-11-12T00:00:00</time_max>
    <kinetic_energy>19.51</kinetic_energy>
    <kinetic_energy_min>18.99</kinetic_energy_min>
    <kinetic_energy_max>20.04</kinetic_energy_max>
    <flux>0.001666</flux>
    <flux_statistical_error_low>1.7E-5</flux_statistical_error_low>
    <flux_statistical_error_high>1.7E-5</flux_statistical_error_high>
    <flux_systematical_error_low>2.3E-5</flux_systematical_error_low>
    <flux_systematical_error_high>2.3E-5</flux_systematical_error_high>
  </DATA>
  <DATA>
    <time_min>2011-05-19T00:00:00</time_min>
    <time_max>2017-11-12T00:00:00</time_max>
    <kinetic_energy>20.58</kinetic_energy>
    <kinetic_energy_min>20.04</kinetic_energy_min>
    <kinetic_energy_max>21.13</kinetic_energy_max>
    <flux>0.001454</flux>
    <flux_statistical_error_low>1.5E-5</flux_statistical_error_low>
    <flux_statistical_error_high>1.5E-5</flux_statistical_error_high>
    <flux_systematical_error_low>2.0E-5</flux_systematical_error_low>
    <flux_systematical_error_high>2.0E-5</flux_systematical_error_high>
  </DATA>
  <DATA>
    <time_min>2011-05-19T00:00:00</time_min>
    <time_max>2017-11-12T00:00:00</time_max>
    <kinetic_energy>21.68</kinetic_energy>
    <kinetic_energy_min>21.13</kinetic_energy_min>
    <kinetic_energy_max>22.25</kinetic_energy_max>
    <flux>0.001214</flux>
    <flux_statistical_error_low>1.4E-5</flux_statistical_error_low>
    <flux_statistical_error_high>1.4E-5</flux_statistical_error_high>
    <flux_systematical_error_low>1.7E-5</flux_systematical_error_low>
    <flux_systematical_error_high>1.7E-5</flux_systematical_error_high>
  </DATA>
  <DATA>
    <time_min>2011-05-19T00:00:00</time_min>
    <time_max>2017-11-12T00:00:00</time_max>
    <kinetic_energy>22.83</kinetic_energy>
    <kinetic_energy_min>22.25</kinetic_energy_min>
    <kinetic_energy_max>23.42</kinetic_energy_max>
    <flux>0.001018</flux>
    <flux_statistical_error_low>1.2E-5</flux_statistical_error_low>
    <flux_statistical_error_high>1.2E-5</flux_statistical_error_high>
    <flux_systematical_error_low>1.4E-5</flux_systematical_error_low>
    <flux_systematical_error_high>1.4E-5</flux_systematical_error_high>
  </DATA>
  <DATA>
    <time_min>2011-05-19T00:00:00</time_min>
    <time_max>2017-11-12T00:00:00</time_max>
    <kinetic_energy>24.01</kinetic_energy>
    <kinetic_energy_min>23.42</kinetic_energy_min>
    <kinetic_energy_max>24.62</kinetic_energy_max>
    <flux>9.031E-4</flux>
    <flux_statistical_error_low>1.11E-5</flux_statistical_error_low>
    <flux_statistical_error_high>1.11E-5</flux_statistical_error_high>
    <flux_systematical_error_low>1.27E-5</flux_systematical_error_low>
    <flux_systematical_error_high>1.27E-5</flux_systematical_error_high>
  </DATA>
  <DATA>
    <time_min>2011-05-19T00:00:00</time_min>
    <time_max>2017-11-12T00:00:00</time_max>
    <kinetic_energy>25.25</kinetic_energy>
    <kinetic_energy_min>24.62</kinetic_energy_min>
    <kinetic_energy_max>25.9</kinetic_energy_max>
    <flux>7.647E-4</flux>
    <flux_statistical_error_low>9.8E-6</flux_statistical_error_low>
    <flux_statistical_error_high>9.8E-6</flux_statistical_error_high>
    <flux_systematical_error_low>1.08E-5</flux_systematical_error_low>
    <flux_systematical_error_high>1.08E-5</flux_systematical_error_high>
  </DATA>
  <DATA>
    <time_min>2011-05-19T00:00:00</time_min>
    <time_max>2017-11-12T00:00:00</time_max>
    <kinetic_energy>26.56</kinetic_energy>
    <kinetic_energy_min>25.9</kinetic_energy_min>
    <kinetic_energy_max>27.25</kinetic_energy_max>
    <flux>6.757E-4</flux>
    <flux_statistical_error_low>8.9E-6</flux_statistical_error_low>
    <flux_statistical_error_high>8.9E-6</flux_statistical_error_high>
    <flux_systematical_error_low>9.6E-6</flux_systematical_error_low>
    <flux_systematical_error_high>9.6E-6</flux_systematical_error_high>
  </DATA>
  <DATA>
    <time_min>2011-05-19T00:00:00</time_min>
    <time_max>2017-11-12T00:00:00</time_max>
    <kinetic_energy>27.95</kinetic_energy>
    <kinetic_energy_min>27.25</kinetic_energy_min>
    <kinetic_energy_max>28.68</kinetic_energy_max>
    <flux>5.747E-4</flux>
    <flux_statistical_error_low>8.0E-6</flux_statistical_error_low>
    <flux_statistical_error_high>8.0E-6</flux_statistical_error_high>
    <flux_systematical_error_low>8.2E-6</flux_systematical_error_low>
    <flux_systematical_error_high>8.2E-6</flux_systematical_error_high>
  </DATA>
  <DATA>
    <time_min>2011-05-19T00:00:00</time_min>
    <time_max>2017-11-12T00:00:00</time_max>
    <kinetic_energy>29.43</kinetic_energy>
    <kinetic_energy_min>28.68</kinetic_energy_min>
    <kinetic_energy_max>30.21</kinetic_energy_max>
    <flux>5.063E-4</flux>
    <flux_statistical_error_low>7.2E-6</flux_statistical_error_low>
    <flux_statistical_error_high>7.2E-6</flux_statistical_error_high>
    <flux_systematical_error_low>7.2E-6</flux_systematical_error_low>
    <flux_systematical_error_high>7.2E-6</flux_systematical_error_high>
  </DATA>
  <DATA>
    <time_min>2011-05-19T00:00:00</time_min>
    <time_max>2017-11-12T00:00:00</time_max>
    <kinetic_energy>31.0</kinetic_energy>
    <kinetic_energy_min>30.21</kinetic_energy_min>
    <kinetic_energy_max>31.82</kinetic_energy_max>
    <flux>4.273E-4</flux>
    <flux_statistical_error_low>6.5E-6</flux_statistical_error_low>
    <flux_statistical_error_high>6.5E-6</flux_statistical_error_high>
    <flux_systematical_error_low>6.1E-6</flux_systematical_error_low>
    <flux_systematical_error_high>6.1E-6</flux_systematical_error_high>
  </DATA>
  <DATA>
    <time_min>2011-05-19T00:00:00</time_min>
    <time_max>2017-11-12T00:00:00</time_max>
    <kinetic_energy>32.66</kinetic_energy>
    <kinetic_energy_min>31.82</kinetic_energy_min>
    <kinetic_energy_max>33.53</kinetic_energy_max>
    <flux>3.681E-4</flux>
    <flux_statistical_error_low>5.9E-6</flux_statistical_error_low>
    <flux_statistical_error_high>5.9E-6</flux_statistical_error_high>
    <flux_systematical_error_low>5.3E-6</flux_systematical_error_low>
    <flux_systematical_error_high>5.3E-6</flux_systematical_error_high>
  </DATA>
  <DATA>
    <time_min>2011-05-19T00:00:00</time_min>
    <time_max>2017-11-12T00:00:00</time_max>
    <kinetic_energy>34.43</kinetic_energy>
    <kinetic_energy_min>33.53</kinetic_energy_min>
    <kinetic_energy_max>35.36</kinetic_energy_max>
    <flux>3.126E-4</flux>
    <flux_statistical_error_low>5.2E-6</flux_statistical_error_low>
    <flux_statistical_error_high>5.2E-6</flux_statistical_error_high>
    <flux_systematical_error_low>4.5E-6</flux_systematical_error_low>
    <flux_systematical_error_high>4.5E-6</flux_systematical_error_high>
  </DATA>
  <DATA>
    <time_min>2011-05-19T00:00:00</time_min>
    <time_max>2017-11-12T00:00:00</time_max>
    <kinetic_energy>36.32</kinetic_energy>
    <kinetic_energy_min>35.36</kinetic_energy_min>
    <kinetic_energy_max>37.31</kinetic_energy_max>
    <flux>2.754E-4</flux>
    <flux_statistical_error_low>4.8E-6</flux_statistical_error_low>
    <flux_statistical_error_high>4.8E-6</flux_statistical_error_high>
    <flux_systematical_error_low>4.0E-6</flux_systematical_error_low>
    <flux_systematical_error_high>4.0E-6</flux_systematical_error_high>
  </DATA>
  <DATA>
    <time_min>2011-05-19T00:00:00</time_min>
    <time_max>2017-11-12T00:00:00</time_max>
    <kinetic_energy>38.33</kinetic_energy>
    <kinetic_energy_min>37.31</kinetic_energy_min>
    <kinetic_energy_max>39.39</kinetic_energy_max>
    <flux>2.328E-4</flux>
    <flux_statistical_error_low>4.0E-6</flux_statistical_error_low>
    <flux_statistical_error_high>4.0E-6</flux_statistical_error_high>
    <flux_systematical_error_low>3.4E-6</flux_systematical_error_low>
    <flux_systematical_error_high>3.4E-6</flux_systematical_error_high>
  </DATA>
  <DATA>
    <time_min>2011-05-19T00:00:00</time_min>
    <time_max>2017-11-12T00:00:00</time_max>
    <kinetic_energy>40.48</kinetic_energy>
    <kinetic_energy_min>39.39</kinetic_energy_min>
    <kinetic_energy_max>41.61</kinetic_energy_max>
    <flux>2.004E-4</flux>
    <flux_statistical_error_low>3.8E-6</flux_statistical_error_low>
    <flux_statistical_error_high>3.8E-6</flux_statistical_error_high>
    <flux_systematical_error_low>3.0E-6</flux_systematical_error_low>
    <flux_systematical_error_high>3.0E-6</flux_systematical_error_high>
  </DATA>
  <DATA>
    <time_min>2011-05-19T00:00:00</time_min>
    <time_max>2017-11-12T00:00:00</time_max>
    <kinetic_energy>42.78</kinetic_energy>
    <kinetic_energy_min>41.61</kinetic_energy_min>
    <kinetic_energy_max>44.0</kinetic_energy_max>
    <flux>1.723E-4</flux>
    <flux_statistical_error_low>3.4E-6</flux_statistical_error_low>
    <flux_statistical_error_high>3.4E-6</flux_statistical_error_high>
    <flux_systematical_error_low>2.6E-6</flux_systematical_error_low>
    <flux_systematical_error_high>2.6E-6</flux_systematical_error_high>
  </DATA>
  <DATA>
    <time_min>2011-05-19T00:00:00</time_min>
    <time_max>2017-11-12T00:00:00</time_max>
    <kinetic_energy>45.26</kinetic_energy>
    <kinetic_energy_min>44.0</kinetic_energy_min>
    <kinetic_energy_max>46.57</kinetic_energy_max>
    <flux>1.446E-4</flux>
    <flux_statistical_error_low>3.0E-6</flux_statistical_error_low>
    <flux_statistical_error_high>3.0E-6</flux_statistical_error_high>
    <flux_systematical_error_low>2.2E-6</flux_systematical_error_low>
    <flux_systematical_error_high>2.2E-6</flux_systematical_error_high>
  </DATA>
  <DATA>
    <time_min>2011-05-19T00:00:00</time_min>
    <time_max>2017-11-12T00:00:00</time_max>
    <kinetic_energy>47.92</kinetic_energy>
    <kinetic_energy_min>46.57</kinetic_energy_min>
    <kinetic_energy_max>49.33</kinetic_energy_max>
    <flux>1.323E-4</flux>
    <flux_statistical_error_low>2.8E-6</flux_statistical_error_low>
    <flux_statistical_error_high>2.8E-6</flux_statistical_error_high>
    <flux_systematical_error_low>2.0E-6</flux_systematical_error_low>
    <flux_systematical_error_high>2.0E-6</flux_systematical_error_high>
  </DATA>
  <DATA>
    <time_min>2011-05-19T00:00:00</time_min>
    <time_max>2017-11-12T00:00:00</time_max>
    <kinetic_energy>50.8</kinetic_energy>
    <kinetic_energy_min>49.33</kinetic_energy_min>
    <kinetic_energy_max>52.33</kinetic_energy_max>
    <flux>1.029E-4</flux>
    <flux_statistical_error_low>2.4E-6</flux_statistical_error_low>
    <flux_statistical_error_high>2.4E-6</flux_statistical_error_high>
    <flux_systematical_error_low>1.6E-6</flux_systematical_error_low>
    <flux_systematical_error_high>1.6E-6</flux_systematical_error_high>
  </DATA>
  <DATA>
    <time_min>2011-05-19T00:00:00</time_min>
    <time_max>2017-11-12T00:00:00</time_max>
    <kinetic_energy>53.92</kinetic_energy>
    <kinetic_energy_min>52.33</kinetic_energy_min>
    <kinetic_energy_max>55.58</kinetic_energy_max>
    <flux>8.86E-5</flux>
    <flux_statistical_error_low>2.14E-6</flux_statistical_error_low>
    <flux_statistical_error_high>2.14E-6</flux_statistical_error_high>
    <flux_systematical_error_low>1.37E-6</flux_systematical_error_low>
    <flux_systematical_error_high>1.37E-6</flux_systematical_error_high>
  </DATA>
  <DATA>
    <time_min>2011-05-19T00:00:00</time_min>
    <time_max>2017-11-12T00:00:00</time_max>
    <kinetic_energy>57.32</kinetic_energy>
    <kinetic_energy_min>55.58</kinetic_energy_min>
    <kinetic_energy_max>59.13</kinetic_energy_max>
    <flux>7.558E-5</flux>
    <flux_statistical_error_low>1.89E-6</flux_statistical_error_low>
    <flux_statistical_error_high>1.89E-6</flux_statistical_error_high>
    <flux_systematical_error_low>1.18E-6</flux_systematical_error_low>
    <flux_systematical_error_high>1.18E-6</flux_systematical_error_high>
  </DATA>
  <DATA>
    <time_min>2011-05-19T00:00:00</time_min>
    <time_max>2017-11-12T00:00:00</time_max>
    <kinetic_energy>61.03</kinetic_energy>
    <kinetic_energy_min>59.13</kinetic_energy_min>
    <kinetic_energy_max>63.02</kinetic_energy_max>
    <flux>6.115E-5</flux>
    <flux_statistical_error_low>1.64E-6</flux_statistical_error_low>
    <flux_statistical_error_high>1.64E-6</flux_statistical_error_high>
    <flux_systematical_error_low>9.7E-7</flux_systematical_error_low>
    <flux_systematical_error_high>9.7E-7</flux_systematical_error_high>
  </DATA>
  <DATA>
    <time_min>2011-05-19T00:00:00</time_min>
    <time_max>2017-11-12T00:00:00</time_max>
    <kinetic_energy>65.11</kinetic_energy>
    <kinetic_energy_min>63.02</kinetic_energy_min>
    <kinetic_energy_max>67.3</kinetic_energy_max>
    <flux>5.502E-5</flux>
    <flux_statistical_error_low>1.49E-6</flux_statistical_error_low>
    <flux_statistical_error_high>1.49E-6</flux_statistical_error_high>
    <flux_systematical_error_low>8.8E-7</flux_systematical_error_low>
    <flux_systematical_error_high>8.8E-7</flux_systematical_error_high>
  </DATA>
  <DATA>
    <time_min>2011-05-19T00:00:00</time_min>
    <time_max>2017-11-12T00:00:00</time_max>
    <kinetic_energy>69.62</kinetic_energy>
    <kinetic_energy_min>67.3</kinetic_energy_min>
    <kinetic_energy_max>72.05</kinetic_energy_max>
    <flux>4.367E-5</flux>
    <flux_statistical_error_low>1.26E-6</flux_statistical_error_low>
    <flux_statistical_error_high>1.26E-6</flux_statistical_error_high>
    <flux_systematical_error_low>7.1E-7</flux_systematical_error_low>
    <flux_systematical_error_high>7.1E-7</flux_systematical_error_high>
  </DATA>
  <DATA>
    <time_min>2011-05-19T00:00:00</time_min>
    <time_max>2017-11-12T00:00:00</time_max>
    <kinetic_energy>74.65</kinetic_energy>
    <kinetic_energy_min>72.05</kinetic_energy_min>
    <kinetic_energy_max>77.37</kinetic_energy_max>
    <flux>3.826E-5</flux>
    <flux_statistical_error_low>1.11E-6</flux_statistical_error_low>
    <flux_statistical_error_high>1.11E-6</flux_statistical_error_high>
    <flux_systematical_error_low>6.2E-7</flux_systematical_error_low>
    <flux_systematical_error_high>6.2E-7</flux_systematical_error_high>
  </DATA>
  <DATA>
    <time_min>2011-05-19T00:00:00</time_min>
    <time_max>2017-11-12T00:00:00</time_max>
    <kinetic_energy>80.29</kinetic_energy>
    <kinetic_energy_min>77.37</kinetic_energy_min>
    <kinetic_energy_max>83.36</kinetic_energy_max>
    <flux>3.013E-5</flux>
    <flux_statistical_error_low>9.4E-7</flux_statistical_error_low>
    <flux_statistical_error_high>9.4E-7</flux_statistical_error_high>
    <flux_systematical_error_low>5.0E-7</flux_systematical_error_low>
    <flux_systematical_error_high>5.0E-7</flux_systematical_error_high>
  </DATA>
  <DATA>
    <time_min>2011-05-19T00:00:00</time_min>
    <time_max>2017-11-12T00:00:00</time_max>
    <kinetic_energy>86.69</kinetic_energy>
    <kinetic_energy_min>83.36</kinetic_energy_min>
    <kinetic_energy_max>90.19</kinetic_energy_max>
    <flux>2.511E-5</flux>
    <flux_statistical_error_low>8.1E-7</flux_statistical_error_low>
    <flux_statistical_error_high>8.1E-7</flux_statistical_error_high>
    <flux_systematical_error_low>4.2E-7</flux_systematical_error_low>
    <flux_systematical_error_high>4.2E-7</flux_systematical_error_high>
  </DATA>
  <DATA>
    <time_min>2011-05-19T00:00:00</time_min>
    <time_max>2017-11-12T00:00:00</time_max>
    <kinetic_energy>94.02</kinetic_energy>
    <kinetic_energy_min>90.19</kinetic_energy_min>
    <kinetic_energy_max>98.08</kinetic_energy_max>
    <flux>2.037E-5</flux>
    <flux_statistical_error_low>6.8E-7</flux_statistical_error_low>
    <flux_statistical_error_high>6.8E-7</flux_statistical_error_high>
    <flux_systematical_error_low>3.5E-7</flux_systematical_error_low>
    <flux_systematical_error_high>3.5E-7</flux_systematical_error_high>
  </DATA>
  <DATA>
    <time_min>2011-05-19T00:00:00</time_min>
    <time_max>2017-11-12T00:00:00</time_max>
    <kinetic_energy>102.6</kinetic_energy>
    <kinetic_energy_min>98.1</kinetic_energy_min>
    <kinetic_energy_max>107.3</kinetic_energy_max>
    <flux>1.461E-5</flux>
    <flux_statistical_error_low>5.9E-7</flux_statistical_error_low>
    <flux_statistical_error_high>5.9E-7</flux_statistical_error_high>
    <flux_systematical_error_low>2.5E-7</flux_systematical_error_low>
    <flux_systematical_error_high>2.5E-7</flux_systematical_error_high>
  </DATA>
  <DATA>
    <time_min>2011-05-19T00:00:00</time_min>
    <time_max>2017-11-12T00:00:00</time_max>
    <kinetic_energy>112.7</kinetic_energy>
    <kinetic_energy_min>107.3</kinetic_energy_min>
    <kinetic_energy_max>118.4</kinetic_energy_max>
    <flux>1.173E-5</flux>
    <flux_statistical_error_low>4.8E-7</flux_statistical_error_low>
    <flux_statistical_error_high>4.8E-7</flux_statistical_error_high>
    <flux_systematical_error_low>2.0E-7</flux_systematical_error_low>
    <flux_systematical_error_high>2.0E-7</flux_systematical_error_high>
  </DATA>
  <DATA>
    <time_min>2011-05-19T00:00:00</time_min>
    <time_max>2017-11-12T00:00:00</time_max>
    <kinetic_energy>125.0</kinetic_energy>
    <kinetic_energy_min>118.4</kinetic_energy_min>
    <kinetic_energy_max>132.1</kinetic_energy_max>
    <flux>8.677E-6</flux>
    <flux_statistical_error_low>3.76E-7</flux_statistical_error_low>
    <flux_statistical_error_high>3.76E-7</flux_statistical_error_high>
    <flux_systematical_error_low>1.51E-7</flux_systematical_error_low>
    <flux_systematical_error_high>1.51E-7</flux_systematical_error_high>
  </DATA>
  <DATA>
    <time_min>2011-05-19T00:00:00</time_min>
    <time_max>2017-11-12T00:00:00</time_max>
    <kinetic_energy>140.1</kinetic_energy>
    <kinetic_energy_min>132.1</kinetic_energy_min>
    <kinetic_energy_max>148.8</kinetic_energy_max>
    <flux>6.998E-6</flux>
    <flux_statistical_error_low>3.03E-7</flux_statistical_error_low>
    <flux_statistical_error_high>3.03E-7</flux_statistical_error_high>
    <flux_systematical_error_low>1.25E-7</flux_systematical_error_low>
    <flux_systematical_error_high>1.25E-7</flux_systematical_error_high>
  </DATA>
  <DATA>
    <time_min>2011-05-19T00:00:00</time_min>
    <time_max>2017-11-12T00:00:00</time_max>
    <kinetic_energy>158.9</kinetic_energy>
    <kinetic_energy_min>148.8</kinetic_energy_min>
    <kinetic_energy_max>169.9</kinetic_energy_max>
    <flux>4.595E-6</flux>
    <flux_statistical_error_low>2.21E-7</flux_statistical_error_low>
    <flux_statistical_error_high>2.21E-7</flux_statistical_error_high>
    <flux_systematical_error_low>8.4E-8</flux_systematical_error_low>
    <flux_systematical_error_high>8.4E-8</flux_systematical_error_high>
  </DATA>
  <DATA>
    <time_min>2011-05-19T00:00:00</time_min>
    <time_max>2017-11-12T00:00:00</time_max>
    <kinetic_energy>183.1</kinetic_energy>
    <kinetic_energy_min>169.9</kinetic_energy_min>
    <kinetic_energy_max>197.7</kinetic_energy_max>
    <flux>3.201E-6</flux>
    <flux_statistical_error_low>1.63E-7</flux_statistical_error_low>
    <flux_statistical_error_high>1.63E-7</flux_statistical_error_high>
    <flux_systematical_error_low>6.0E-8</flux_systematical_error_low>
    <flux_systematical_error_high>6.0E-8</flux_systematical_error_high>
  </DATA>
  <DATA>
    <time_min>2011-05-19T00:00:00</time_min>
    <time_max>2017-11-12T00:00:00</time_max>
    <kinetic_energy>216.2</kinetic_energy>
    <kinetic_energy_min>197.7</kinetic_energy_min>
    <kinetic_energy_max>237.2</kinetic_energy_max>
    <flux>1.871E-6</flux>
    <flux_statistical_error_low>1.11E-7</flux_statistical_error_low>
    <flux_statistical_error_high>1.11E-7</flux_statistical_error_high>
    <flux_systematical_error_low>3.9E-8</flux_systematical_error_low>
    <flux_systematical_error_high>3.9E-8</flux_systematical_error_high>
  </DATA>
  <DATA>
    <time_min>2011-05-19T00:00:00</time_min>
    <time_max>2017-11-12T00:00:00</time_max>
    <kinetic_energy>261.8</kinetic_energy>
    <kinetic_energy_min>237.2</kinetic_energy_min>
    <kinetic_energy_max>290.0</kinetic_energy_max>
    <flux>1.158E-6</flux>
    <flux_statistical_error_low>7.7E-8</flux_statistical_error_low>
    <flux_statistical_error_high>7.7E-8</flux_statistical_error_high>
    <flux_systematical_error_low>2.6E-8</flux_systematical_error_low>
    <flux_systematical_error_high>2.6E-8</flux_systematical_error_high>
  </DATA>
  <DATA>
    <time_min>2011-05-19T00:00:00</time_min>
    <time_max>2017-11-12T00:00:00</time_max>
    <kinetic_energy>326.8</kinetic_energy>
    <kinetic_energy_min>290.0</kinetic_energy_min>
    <kinetic_energy_max>370.0</kinetic_energy_max>
    <flux>5.773E-7</flux>
    <flux_statistical_error_low>4.96E-8</flux_statistical_error_low>
    <flux_statistical_error_high>4.96E-8</flux_statistical_error_high>
    <flux_systematical_error_low>1.5E-8</flux_systematical_error_low>
    <flux_systematical_error_high>1.5E-8</flux_systematical_error_high>
  </DATA>
  <DATA>
    <time_min>2011-05-19T00:00:00</time_min>
    <time_max>2017-11-12T00:00:00</time_max>
    <kinetic_energy>428.5</kinetic_energy>
    <kinetic_energy_min>370.0</kinetic_energy_min>
    <kinetic_energy_max>500.0</kinetic_energy_max>
    <flux>2.491E-7</flux>
    <flux_statistical_error_low>2.86E-8</flux_statistical_error_low>
    <flux_statistical_error_high>2.86E-8</flux_statistical_error_high>
    <flux_systematical_error_low>9.1E-9</flux_systematical_error_low>
    <flux_systematical_error_high>9.1E-9</flux_systematical_error_high>
  </DATA>
  <DATA>
    <time_min>2011-05-19T00:00:00</time_min>
    <time_max>2017-11-12T00:00:00</time_max>
    <kinetic_energy>588.8</kinetic_energy>
    <kinetic_energy_min>500.0</kinetic_energy_min>
    <kinetic_energy_max>700.0</kinetic_energy_max>
    <flux>8.312E-8</flux>
    <flux_statistical_error_low>1.675E-8</flux_statistical_error_low>
    <flux_statistical_error_high>1.675E-8</flux_statistical_error_high>
    <flux_systematical_error_low>7.7E-9</flux_systematical_error_low>
    <flux_systematical_error_high>7.7E-9</flux_systematical_error_high>
  </DATA>
  <DATA>
    <time_min>2011-05-19T00:00:00</time_min>
    <time_max>2017-11-12T00:00:00</time_max>
    <kinetic_energy>832.3</kinetic_energy>
    <kinetic_energy_min>700.0</kinetic_energy_min>
    <kinetic_energy_max>1000.0</kinetic_energy_max>
    <flux>1.927E-8</flux>
    <flux_statistical_error_low>1.087E-8</flux_statistical_error_low>
    <flux_statistical_error_high>1.087E-8</flux_statistical_error_high>
    <flux_systematical_error_low>4.44E-9</flux_systematical_error_low>
    <flux_systematical_error_high>4.44E-9</flux_systematical_error_high>
  </DATA>
</XML>
